Id_product,Name,Sale_date,Unit_price,Quantity
161596129-1,Salchicha,1/27/2020,$33567.43,404
668613835-5,Mermelada,11/29/2020,$63738.40,459
584771734-2,Chorizo,9/29/2021,$69793.61,563
273435215-X,Salchicha,7/27/2020,$24630.83,560
599716859-X,Sardinas,2/21/2021,,646
842315599-4,Mermelada,9/9/2021,$10914.91,127
211226106-1,Sal,6/26/2020,$7653.64,112
215034775-X,Arroz,6/11/2021,$12356.59,96
873411407-6,Atún,12/28/2021,$49015.20,208
419542986-2,Cereal,4/19/2021,$22956.47,20
360793125-9,Papa,6/19/2021,$49486.65,561
674726431-2,Avena,10/9/2021,,543
916290535-X,Cereal,10/30/2020,$27484.07,504
649969362-6,Cereal,7/16/2020,$67931.95,248
945956844-0,Margarina,1/27/2020,$44680.05,656
536889239-X,Avena,11/2/2021,$44104.75,286
816877894-4,Avena,8/7/2020,$57568.65,445
536601697-5,Queso,4/12/2021,$52667.12,389
554933813-0,Salchicha,12/28/2020,$22868.59,634
602513623-8,Chorizo,4/13/2021,$34384.27,526
743893478-0,Chorizo,10/12/2021,$49912.90,73
702023460-7,Jamón,2/11/2020,$9050.80,96
216678677-4,Queso,6/18/2020,$37284.25,641
757794835-7,Yogur,5/24/2021,$26233.70,587
223367938-5,Tocino,2/15/2021,$68457.99,526
937158344-4,,12/4/2021,$10925.52,196
807474545-7,Gelatina,4/24/2020,$10770.97,549
703708518-9,Frijoles,10/1/2020,$42288.99,600
164306174-7,Harina,11/3/2020,$20034.42,365
566357845-5,Mermelada,6/17/2020,$53674.81,512
365003333-X,Pasta,9/1/2021,$37161.19,688
147311817-4,Café,10/25/2020,$9487.67,159
731760142-X,Papa,4/3/2020,$6807.49,593
453998983-9,Margarina,,$54232.63,195
013171295-0,Mantequilla,2/7/2021,,76
675073434-0,Leche entera,3/29/2021,$47821.08,538
668879437-3,Jamón,6/7/2021,,
908020016-6,Avena,8/9/2021,$53810.49,391
895156270-0,Atún,3/28/2020,$35567.28,102
589591834-4,Vinagre,5/24/2020,$16522.04,595
448138210-4,Gelatina,9/6/2021,$14929.74,522
166439787-6,Frijoles,4/23/2021,$68488.16,271
789676281-1,Miel,,$40723.35,314
428019839-X,Café,,,441
172835976-7,Vino,5/21/2020,,581
964062150-1,Mortadela,6/16/2020,$31650.71,117
041482093-2,,11/7/2020,,200
072170176-0,Mantequilla,3/24/2020,$33132.57,422
901989251-7,Harina,4/27/2021,$12258.80,490
915124542-6,,8/9/2020,$39845.92,247
161925683-5,Sardinas,12/7/2020,$29987.20,660
422940254-6,Huevo,7/21/2020,$11811.39,
423910042-9,Café,9/22/2021,$43157.57,263
281007059-8,Vinagre,9/15/2021,,432
453645755-0,Café,,$21709.54,495
224446200-5,Avena,10/28/2020,$69915.06,657
360888724-5,Arroz,1/14/2020,$45109.61,168
691444773-X,Chorizo,8/16/2021,$69392.71,73
589248997-3,Mermelada,10/23/2021,$18240.84,637
076593021-8,Mantequilla,8/24/2020,$24228.86,81
329834038-3,Leche entera,3/30/2020,$67911.40,274
546976516-4,Salsa de tomate,6/28/2020,$46675.11,356
808543102-5,Mantequilla,,$18996.44,320
576653649-6,Chorizo,4/15/2020,$17347.94,284
233208311-1,Frijoles,6/18/2020,$43126.64,416
083639824-6,Aceitunas,3/9/2020,$55851.12,529
480178567-0,Queso,5/10/2021,$31261.60,124
852860805-0,Harina,2/13/2021,$27445.58,398
158087915-2,Salsa de tomate,10/1/2021,$69586.03,634
680123602-4,Salsa de tomate,5/28/2021,,545
769472932-5,Avena,10/5/2021,$9521.79,320
777688455-3,Mayonesa,8/11/2021,$65479.23,19
461371778-7,Sardinas,8/10/2021,$32436.91,415
201427846-6,Aceitunas,5/3/2021,$63936.19,613
807743900-4,,9/25/2021,$69645.23,204
844380528-5,Azúcar,1/29/2020,$63502.48,598
600903775-1,Vino,11/7/2020,$38757.68,398
746692617-7,Azúcar,3/20/2021,$56013.75,333
297972479-3,Salsa de tomate,1/2/2020,$43245.92,40
729877239-2,Sal,1/11/2021,$67058.28,602
544772442-2,Azúcar,8/25/2020,$28249.81,107
551188166-X,Vinagre,8/22/2021,$39355.04,210
691055061-7,Café,11/6/2020,$52179.76,16
805278727-0,Margarina,,$16564.21,206
460480049-9,Arroz,2/20/2021,$41429.07,660
510408406-X,Sal,7/27/2020,,588
466418392-5,Arroz,7/15/2020,$45822.73,474
699432966-6,Avena,5/23/2020,$14348.46,392
090303523-5,Papa,5/28/2021,$46019.32,6
342676429-6,Mermelada,11/25/2021,$9835.11,476
486232562-9,Jamón,1/23/2020,$50707.00,690
911927789-X,Aceitunas,5/14/2021,$41414.22,570
854814992-2,Cereal,5/13/2020,$22311.93,212
498897537-1,Papa,7/17/2020,$20704.51,676
232347934-2,Atún,2/18/2020,$42346.91,264
484589485-8,Arroz,2/25/2020,$24260.80,
847681649-9,Cereal,,$62837.70,471
101149264-4,Atún,1/15/2021,$6440.06,290
018494629-8,Margarina,11/12/2021,$33278.54,258
892567012-7,,11/19/2020,$16912.82,100
135431464-6,Chorizo,11/10/2020,$66252.86,437
220179803-6,Sal,2/20/2021,$8038.59,
768370341-9,Chorizo,,$12125.44,100
960955249-8,Vino,,$23238.11,227
774043472-8,Harina,7/1/2020,$45835.80,356
199313513-8,Miel,6/7/2020,$21807.53,540
733642883-5,Vinagre,1/11/2020,$12678.17,199
146928269-0,Salchicha,11/21/2021,$68065.08,219
701953571-2,Tocino,8/14/2021,$52515.38,65
357712749-X,Azúcar,5/24/2021,$48211.42,273
136182375-5,Vino,3/26/2020,$18908.52,678
470130720-3,Tocino,12/30/2021,$52912.53,173
725706638-8,Jamón,10/26/2021,,196
063613865-8,Café,8/28/2021,$51953.60,398
004882849-1,Harina,3/3/2020,$69637.48,223
965193275-9,Papa,7/25/2021,$23450.50,410
531383603-X,Yogur,4/24/2021,$48650.98,565
771862198-7,Papa,8/21/2020,$22443.77,470
671470045-8,Arroz,1/7/2020,$33654.21,529
808838544-X,Vino,12/23/2021,$7743.79,378
591139202-X,Harina,12/31/2020,$62452.52,60
563432226-X,,8/29/2020,$67546.82,11
221458183-9,Yogur,5/1/2021,$31678.00,289
011400687-3,Mayonesa,11/19/2021,$52650.30,556
590213832-9,Mantequilla,,$19863.39,47
731408990-6,Vinagre,12/10/2021,,461
041520302-3,Avena,8/1/2020,$17529.43,290
279367271-8,Papa,11/21/2020,$14900.18,380
202624490-1,Azúcar,7/3/2021,,131
213764217-4,Cereal,6/1/2021,$24738.20,581
378886740-X,Tocino,4/17/2021,$23621.92,133
673013138-1,Huevo,5/8/2020,$59028.26,42
512595876-X,Queso,9/1/2020,$26748.15,254
681153319-6,Huevo,1/3/2020,$29934.51,579
310767501-6,Jamón,11/27/2020,$14300.57,623
555855784-2,Miel,7/23/2020,$21993.22,576
604680006-4,Azúcar,8/7/2020,$41891.90,217
370225036-0,Atún,3/6/2020,$60302.28,662
210609176-1,Vinagre,3/18/2021,,227
809425411-4,,7/30/2020,$9415.51,53
460693380-1,Arroz,1/29/2020,$18334.06,268
972772240-7,Papa,4/20/2020,$39150.94,68
645907407-0,Mantequilla,9/13/2020,$5196.73,571
331961928-4,Atún,11/5/2020,$30463.21,434
882833250-6,Gelatina,11/13/2021,$39458.08,689
539597061-4,Vinagre,4/15/2021,$14580.40,131
886899691-X,Leche entera,1/13/2021,$63750.88,456
210403354-3,Vino,9/5/2021,$51926.18,395
816162268-X,Vino,1/2/2020,$42020.32,460
301651748-5,Miel,2/15/2020,$65195.45,143
908915534-1,Cereal,9/9/2020,,207
937015433-7,Miel,9/20/2021,$21175.28,70
974002737-7,Mantequilla,6/21/2020,$54611.18,582
235324746-6,Sal,10/6/2020,$31901.57,683
482089247-9,Papa,10/2/2021,$15840.48,304
103416671-9,Vino,4/17/2021,$69938.15,420
780529337-6,Papa,11/8/2021,$38443.95,248
128709024-9,Mortadela,11/23/2020,,43
350249805-9,Leche entera,4/7/2020,$40900.88,257
854493171-5,Harina,9/7/2020,$23968.75,697
509541248-9,Salchicha,2/15/2020,$9688.67,119
071917152-0,Huevo,,$59161.60,660
553747713-0,Vino,,$12040.78,665
032662865-7,Cereal,7/12/2021,$19830.32,160
106353916-1,Atún,,$14516.28,489
599325663-X,Salsa de tomate,3/22/2020,$8245.22,397
819621703-X,Sal,,$44667.92,164
755605187-0,Vino,3/7/2020,$6779.67,239
300453282-4,Salchicha,1/7/2021,$30165.65,492
292827140-6,Cereal,4/26/2020,$19229.00,392
087145963-9,Vino,6/19/2021,$34812.36,646
624756552-6,Avena,4/24/2021,$64524.35,607
811090710-5,Cereal,3/6/2020,$50624.76,483
279257307-4,Chorizo,6/26/2021,$5609.76,659
661176141-1,Chorizo,5/5/2020,$29581.96,373
759536183-4,Salchicha,10/19/2021,$10276.32,153
437145260-4,Harina,7/17/2020,$6636.29,56
735095626-6,Queso,10/12/2020,$12592.11,10
034161643-5,Azúcar,,$25587.11,268
268496516-1,Queso,2/1/2021,,693
163561750-2,Miel,9/17/2021,$35786.95,425
014158489-0,,2/14/2020,,323
346110420-5,Mortadela,6/5/2021,$64951.83,647
909851675-0,Gelatina,4/27/2020,$45224.45,70
573335225-6,Jamón,4/12/2020,,542
950031333-2,Gelatina,12/10/2020,$23083.48,670
649635746-3,Mantequilla,7/3/2021,$28922.08,39
118622240-9,Mermelada,8/21/2020,$66003.54,601
109074675-X,Yogur,11/24/2020,$38234.49,553
054136533-9,Mantequilla,2/24/2020,$6877.46,230
245154238-1,Salsa de tomate,12/5/2021,$8928.86,573
262244326-9,Azúcar,10/28/2021,$48889.83,236
135709512-0,,11/1/2021,$9310.42,373
358825874-4,Miel,1/26/2020,$64438.88,441
610987804-9,Mermelada,3/13/2021,$40756.50,214
621962805-5,Vinagre,4/13/2021,$8133.31,190
813855109-7,Leche entera,8/16/2020,$45777.02,658
775709807-6,Papa,8/28/2020,$23350.31,390
558002002-3,,2/18/2020,$37066.62,653
433279653-5,Queso,10/10/2020,$57548.35,271
798560673-4,Cacahuate,9/23/2021,$69710.50,107
870006245-6,Cereal,12/13/2021,$21022.26,230
005536213-3,Sardinas,12/13/2021,$21453.57,658
727134061-0,Queso,10/1/2020,$10942.24,196
087282551-5,Margarina,9/27/2020,$7326.68,679
880509584-2,Vino,9/1/2020,$68221.59,444
357598019-5,,8/2/2020,$22623.70,581
579399864-0,Mantequilla,2/20/2020,$61932.44,504
082837474-0,Cacahuate,5/25/2021,$19081.82,310
820757845-9,Café,11/6/2020,$63475.12,469
259933399-7,Papa,3/24/2021,$30414.98,141
473838312-4,Leche entera,12/15/2020,,137
921859464-8,Aceitunas,10/7/2021,$63178.33,688
138220954-1,Sal,12/6/2020,$60731.38,310
610366746-1,Salchicha,2/22/2020,$51909.48,421
887125079-6,Chorizo,10/30/2021,$27210.29,395
723788965-6,Mantequilla,9/30/2021,$12651.78,432
150390110-6,Sal,3/6/2021,$36029.83,11
519768423-2,Aceitunas,1/19/2021,$43173.46,423
800213859-7,Mortadela,8/3/2020,$54413.91,15
709899115-5,Margarina,12/24/2021,$55329.22,655
998489792-3,Queso,10/21/2020,$23896.98,676
977073356-3,Mayonesa,12/19/2021,$43315.23,446
325204534-6,Atún,12/12/2020,$50500.58,65
532395418-3,Jamón,,$45966.55,
311190202-1,Jamón,12/24/2020,$28801.36,46
108920063-3,Frijoles,1/18/2020,$28874.76,135
298139413-4,Mayonesa,6/12/2020,$48505.69,62
357569748-5,Salsa de tomate,10/8/2021,$8142.57,122
467627191-3,Frijoles,11/1/2020,$32882.88,448
997434067-5,Gelatina,7/31/2020,$50005.61,539
281792300-6,Leche entera,12/30/2021,$41506.71,520
004040224-X,Huevo,5/6/2021,$41343.14,329
490147934-2,Tocino,2/11/2021,$23145.75,547
020487474-2,Sardinas,9/12/2021,$61059.64,268
306215995-2,Miel,9/13/2021,$35733.77,403
986185059-7,Mortadela,1/25/2020,$7281.97,280
846646485-9,Margarina,9/1/2020,$30910.62,18
201816585-2,Huevo,12/8/2021,$69758.82,63
943486392-9,Sal,6/5/2021,$58863.54,144
057155491-1,Harina,7/14/2020,$12119.74,420
479754930-0,Salsa de tomate,4/17/2021,,628
908827814-8,Mortadela,4/13/2021,$30104.94,680
027722878-6,Pasta,11/28/2020,$43825.83,607
503186856-2,Aceitunas,3/14/2021,$7779.14,383
908399729-4,Cacahuate,1/8/2021,,632
787802318-2,Huevo,,$13962.69,314
447267677-X,Mayonesa,9/18/2020,$57248.37,371
462613780-6,Cereal,7/27/2021,$6188.14,644
969358260-8,Vinagre,1/9/2020,$41278.19,439
870458528-3,Vinagre,2/18/2021,,366
278914185-1,Sardinas,10/10/2020,$11293.49,648
126188948-7,Leche entera,1/2/2022,,691
663386225-3,Chorizo,6/21/2020,,6
331975577-3,Aceitunas,6/7/2020,$10327.14,569
137074905-8,Sal,8/21/2020,$8532.20,37
733074323-2,Atún,9/15/2021,$56428.15,108
628667676-7,Salsa de tomate,3/30/2021,$33133.43,82
142799433-1,Tocino,5/7/2020,$14343.18,26
969183863-X,Huevo,9/3/2021,$12779.63,311
452713545-7,Pasta,5/8/2020,,227
193488920-2,Avena,7/17/2020,$47937.69,314
140465566-2,Margarina,1/29/2021,$62297.64,79
754763869-4,Queso,8/8/2021,$23892.44,106
623582735-0,Queso,2/28/2021,$29961.14,573
682865821-3,Tocino,2/3/2021,$52628.10,263
293287116-1,,10/13/2021,$41365.08,463
894658812-8,Papa,7/10/2020,$21470.43,299
967566192-5,Huevo,4/19/2021,$62186.73,526
524352705-X,Gelatina,11/14/2021,$9860.47,
208005010-9,Chorizo,9/21/2021,$51000.02,33
841209115-9,Huevo,,$51244.68,7
914076624-1,Mortadela,8/17/2020,$55972.75,643
152386378-1,Chorizo,,$63214.33,642
791943785-7,Arroz,2/16/2020,$9509.62,237
488879744-7,Cacahuate,10/14/2020,$8192.44,39
916861230-3,Margarina,1/6/2021,$37633.60,629
928973179-6,Cereal,6/20/2021,$45993.59,37
961945292-5,Tocino,12/27/2021,$8860.29,416
295754952-2,Sal,9/29/2020,$63480.58,224
753077076-4,Mortadela,,$31374.27,152
078334103-2,Avena,8/5/2020,$38755.85,260
887986798-9,Mayonesa,1/2/2020,$22095.91,221
086117915-3,Mermelada,9/13/2020,$21489.76,452
222455738-8,Gelatina,2/6/2020,$35615.04,411
586720529-0,Salchicha,4/9/2021,$29782.67,358
291101685-8,Sardinas,,$52237.08,314
567289102-0,Arroz,2/26/2020,$46833.94,105
132207165-9,Tocino,1/22/2020,$25334.07,29
451147048-0,Miel,4/1/2021,$26389.09,664
543395072-7,Cacahuate,,$26150.55,517
134274067-X,Sal,3/5/2020,$47762.57,578
346063385-9,Mantequilla,7/22/2021,,642
010751417-6,Papa,5/7/2021,$58438.21,361
488945086-6,Avena,9/16/2021,$50400.64,108
608482503-6,Arroz,11/1/2021,$50345.10,83
836111914-0,Tocino,2/5/2021,$36974.61,699
419208471-6,Salchicha,10/7/2020,,182
140838768-9,Margarina,11/14/2020,$40649.57,336
662649648-4,Miel,6/12/2020,$9405.71,408
822336164-7,Sal,4/12/2021,$59204.38,293
894532392-9,Cacahuate,5/1/2021,$38137.70,235
859219794-5,Vino,11/5/2021,$36725.54,488
386067489-7,Mayonesa,11/24/2020,$51393.29,372
396770738-5,Miel,11/24/2021,$13478.46,440
231813036-1,Jamón,5/27/2020,$52078.22,249
236308902-2,Jamón,6/14/2020,$67099.75,167
368655068-7,Avena,2/11/2021,$63987.63,308
574687836-7,Mantequilla,,$58746.06,375
622898436-5,Papa,6/15/2021,$18871.60,635
532080548-9,Tocino,5/22/2021,$58639.52,212
001643285-1,Mantequilla,1/3/2021,$68145.18,16
078109792-4,Vino,1/18/2020,$16328.00,414
932582165-6,Sal,11/3/2020,$28627.54,666
863463650-X,Salsa de tomate,3/10/2020,$30895.05,143
149705228-9,Miel,2/12/2020,$9892.85,537
616863073-2,Cacahuate,10/14/2020,$32395.65,639
189431597-9,Atún,12/1/2021,$38210.11,82
790739933-5,Yogur,10/23/2020,$27160.05,634
885163568-4,Mortadela,12/13/2020,$41500.18,400
471675798-6,Sardinas,1/23/2020,$60275.19,590
428402503-1,Avena,5/11/2020,$30642.61,680
638859766-1,Café,12/30/2021,$26370.03,180
020076870-0,Huevo,10/2/2020,$19669.93,467
421153812-8,Papa,8/26/2021,$66235.65,551
374383019-1,Mantequilla,5/22/2021,$37244.87,662
316687123-3,Pasta,1/2/2021,$62468.86,413
015500289-9,Café,6/29/2020,$23039.23,372
753503097-1,Salchicha,11/15/2020,$11211.55,465
046399939-8,Pasta,8/11/2020,$53503.84,351
646711837-5,Harina,1/1/2020,$63384.61,548
596251003-8,Pasta,10/25/2020,$5164.49,625
677908804-8,Mermelada,12/14/2020,$50415.30,199
767302240-0,Vinagre,12/3/2021,$32185.03,590
304133285-X,Leche entera,4/23/2021,$5858.00,299
776024795-8,Sardinas,2/26/2020,$16851.67,276
547115399-5,Gelatina,7/26/2021,$51879.02,399
726891792-9,Azúcar,9/13/2020,$53668.59,615
004990998-3,Azúcar,11/22/2020,$7908.37,335
704888927-6,Vino,10/13/2020,$39993.05,369
114533013-4,Leche entera,9/14/2020,$23875.41,500
887365935-7,Mermelada,8/8/2021,$65940.46,87
463788378-4,Sardinas,9/19/2021,$63346.67,
853529938-6,Papa,3/19/2020,$56994.44,
374779166-2,Café,2/26/2021,$61602.34,361
106141416-7,Sardinas,12/27/2021,$31529.45,404
152733628-X,Vino,7/19/2020,$52489.68,88
896520700-2,Salsa de tomate,4/23/2021,$19702.54,191
156054147-4,Salchicha,2/27/2021,$8366.37,653
047138064-4,Frijoles,11/4/2021,$49311.16,351
291472429-2,Cacahuate,5/3/2020,$37203.68,467
385339123-0,Jamón,10/9/2021,$42141.45,356
651003219-8,Mantequilla,5/27/2020,$34549.44,132
053315127-9,Huevo,2/19/2020,$14105.57,16
847376634-2,Miel,10/8/2021,$58844.12,327
686907150-0,Vino,7/22/2020,$36701.57,489
019601402-6,Café,,$39456.69,603
718004902-6,Pasta,5/10/2021,$36870.07,448
880364977-8,Papa,,$44081.85,684
086389273-6,Harina,3/8/2021,$9427.49,631
722535354-3,Gelatina,9/16/2021,$54314.74,290
583338970-4,Jamón,7/23/2021,$6664.61,342
334828201-2,Margarina,3/15/2021,$18451.06,547
794859620-8,Mantequilla,4/7/2021,$41396.45,38
706196632-7,Gelatina,2/24/2020,$43099.03,212
616398791-8,Queso,3/18/2020,$51037.65,347
432744683-1,Pasta,6/4/2020,$46344.86,479
809306035-9,Yogur,3/19/2020,$31967.84,250
901783190-1,Pasta,4/24/2021,$27931.15,519
775926015-6,Mortadela,5/31/2020,$57226.95,414
313201491-5,Arroz,9/11/2020,$39892.04,623
993394715-X,Mayonesa,4/2/2020,$15427.48,330
407800298-6,Margarina,4/1/2021,$20144.84,
235740425-6,Sardinas,5/10/2021,$8020.74,81
319012386-1,Queso,1/8/2020,$20100.05,619
511556983-3,Azúcar,6/1/2020,$17766.38,428
984459802-8,Arroz,5/12/2020,$11654.95,184
639256072-6,Café,2/14/2020,$15374.55,423
384365748-3,Mantequilla,9/28/2021,$66417.64,280
208434475-1,Sardinas,12/26/2020,$58054.22,189
284658824-4,Mermelada,11/13/2020,$13793.06,654
557874440-0,Margarina,2/19/2021,$62807.14,147
238411462-X,Jamón,9/2/2020,$67754.01,223
585666559-7,Cacahuate,10/15/2021,$62164.12,573
758440902-4,Aceitunas,5/24/2020,$22636.43,66
448246698-0,Cacahuate,7/16/2020,$45632.46,
626497976-7,Arroz,2/21/2020,$38865.97,396
627675293-2,Papa,12/14/2020,$9645.66,473
634139061-0,Harina,4/26/2020,$66295.77,636
890827109-0,Huevo,6/12/2021,$8818.87,13
307192825-4,Vino,10/7/2020,$22494.37,79
089419558-1,Pasta,11/17/2021,$35099.53,183
700104252-8,Salchicha,12/5/2020,$20055.06,262
166580524-2,Gelatina,4/21/2021,$18853.08,326
228131897-4,Mortadela,7/16/2021,$54086.52,193
196136596-0,Vinagre,5/11/2021,$11913.99,126
506559596-8,Chorizo,11/3/2020,$14261.79,458
470291348-4,Avena,3/22/2021,$8497.53,582
246183611-6,,,$23104.21,520
649065447-4,Pasta,10/14/2020,$68892.42,569
816115285-3,Vinagre,8/24/2021,$25455.84,312
663478004-8,Mermelada,7/8/2020,$15287.53,382
131908999-2,Mortadela,8/6/2021,,700
646831679-0,Mayonesa,3/24/2020,$27874.89,413
239854092-8,Mortadela,8/27/2021,$20364.31,109
357574758-X,Café,9/19/2020,$68036.84,580
611303808-4,,11/29/2020,$68930.14,334
896311731-6,Huevo,7/27/2021,$32781.84,45
136749340-4,Yogur,3/19/2021,$58805.82,486
149691110-5,Cacahuate,1/1/2020,$37378.93,197
389050737-9,Café,8/8/2021,$38040.10,334
130356544-7,Yogur,5/22/2021,$45381.81,449
972581444-4,Sardinas,3/19/2021,$54249.03,465
972436467-4,Harina,11/6/2020,$62757.87,566
203003202-6,Cacahuate,,$67469.07,560
153045293-7,Mayonesa,12/1/2020,$18559.07,167
530470693-5,Aceitunas,6/12/2020,$61129.71,340
472187633-5,Papa,9/5/2020,$28462.94,666
771101048-6,Cacahuate,5/31/2020,$44721.77,531
403762192-4,Papa,6/9/2021,$6612.73,71
185608471-X,Vinagre,5/26/2021,$14048.90,563
960253787-6,Mermelada,10/25/2020,$13361.96,448
415518808-2,Salsa de tomate,3/28/2020,$32637.19,283
287152999-X,Mayonesa,4/23/2020,$35304.15,362
419641503-2,Frijoles,11/19/2021,$27109.72,
660492211-1,Chorizo,12/7/2021,$30374.53,204
968102086-3,Tocino,11/24/2021,$47026.20,580
556796985-6,Mantequilla,3/8/2021,$11499.64,381
614591604-4,Harina,7/30/2020,$26248.03,675
286563349-7,Salsa de tomate,7/31/2021,$54521.75,240
402869090-0,Miel,12/14/2021,$68400.21,660
347485930-7,Salchicha,8/25/2020,$50006.60,585
523130355-0,Queso,11/17/2021,$26648.66,623
853436345-5,Salsa de tomate,10/27/2021,$24164.79,523
383007474-3,Avena,6/4/2020,$32518.60,69
838780121-6,,3/31/2020,$47723.93,487
450292569-1,Jamón,6/26/2020,$45835.75,524
917892968-7,Vino,1/1/2020,$19228.95,
636789151-X,Harina,5/25/2021,$6064.94,160
515647166-8,Sal,9/22/2020,$8512.89,449
516581122-0,Jamón,1/3/2020,$41185.39,107
261188469-2,Atún,2/15/2020,$43603.84,442
484360901-3,Queso,12/11/2020,$28948.81,92
194247838-0,Vinagre,2/27/2021,$33762.69,
519170059-7,Frijoles,7/28/2021,$49718.95,82
159964252-2,Vinagre,1/11/2021,$9423.70,108
514324333-5,Mayonesa,4/17/2021,$18007.70,565
618953756-1,Mantequilla,11/12/2021,$27570.03,507
010288495-1,Arroz,7/23/2021,$59886.66,240
354263417-4,Frijoles,5/17/2020,$23612.40,441
648065659-8,Miel,9/8/2021,$46462.93,112
350254893-5,Aceitunas,10/23/2020,$19053.92,268
416291905-4,Jamón,3/19/2021,$23792.66,615
585948791-6,Chorizo,8/7/2021,$43511.92,587
755017791-0,Arroz,5/31/2020,$65418.10,322
978837809-9,Harina,3/10/2020,$27942.49,54
304081580-6,Papa,,$40326.57,219
699060428-X,Vinagre,12/10/2020,$44527.24,457
676831833-0,Mayonesa,2/12/2021,,320
094590140-2,Sal,3/20/2020,$36658.89,662
853296897-X,Leche entera,3/10/2020,$19151.08,429
465591062-3,Leche entera,6/3/2021,$23954.01,569
925456511-3,Pasta,3/2/2020,$33180.47,521
847984893-6,Mayonesa,2/3/2020,$54075.89,684
309184022-0,Yogur,1/17/2020,$13746.83,127
618864002-4,Azúcar,6/5/2020,$29875.90,699
028863876-X,Jamón,8/25/2021,$51559.32,562
228860534-0,Cereal,12/26/2021,$46203.02,97
044207230-9,Sal,2/1/2020,$52822.02,566
287607147-9,Azúcar,10/20/2020,$46002.76,384
098662699-6,Sardinas,12/30/2020,$54344.04,510
547636490-0,Tocino,6/23/2021,$36313.48,
467635691-9,Tocino,10/5/2021,$56472.82,403
003338129-1,Chorizo,5/31/2020,$54926.50,215
793203515-5,Aceitunas,7/19/2021,$36689.52,521
534419157-X,Sardinas,2/26/2021,$58579.84,292
231892352-3,Queso,12/25/2021,,136
881642297-1,Tocino,,$68196.14,106
181280756-2,Azúcar,4/28/2020,$54392.68,182
917992476-X,Salsa de tomate,5/24/2020,$28639.90,510
235877573-8,Mayonesa,1/15/2020,$55501.13,417
084964560-3,Arroz,5/19/2021,$40041.93,453
652690675-3,Cacahuate,3/31/2020,$39365.40,38
841272034-2,Salsa de tomate,9/6/2021,$17386.87,479
664393167-3,Aceitunas,2/23/2021,$15747.85,563
983407628-2,Frijoles,5/18/2021,$52271.07,536
769306521-0,Huevo,2/29/2020,$69178.09,413
313886756-1,Huevo,5/8/2021,$62449.58,415
302045617-7,Huevo,4/11/2020,$47775.09,9
510325973-7,Harina,3/23/2020,$35218.47,596
374984130-6,,1/20/2020,$38986.22,149
821683284-2,Queso,8/31/2020,$20312.63,677
835612198-1,Jamón,1/15/2020,$13148.68,18
995354893-5,Atún,10/16/2020,$43483.53,467
741412268-9,Arroz,5/20/2020,$10743.56,107
118922194-2,Huevo,9/7/2021,$60927.93,456
346011166-6,Frijoles,8/27/2021,$11246.88,234
532159530-5,Aceitunas,4/17/2020,$26470.87,165
693509669-3,Margarina,11/15/2021,$7032.71,189
381148844-9,Margarina,3/20/2020,,306
369664750-0,Mayonesa,2/18/2021,$47254.51,162
459883165-0,Margarina,10/7/2020,$43912.30,681
113324456-4,Gelatina,5/20/2020,$29576.44,88
796378059-6,Huevo,7/8/2021,$34900.54,595
316659247-4,Chorizo,3/31/2021,$30098.34,482
339000843-8,Salchicha,11/27/2021,$54192.18,669
994067909-2,Azúcar,9/11/2020,$43971.26,452
082292529-X,Mayonesa,10/6/2020,,427
527939702-4,Huevo,8/25/2021,$55229.64,191
327443981-9,Miel,2/17/2021,$11753.24,86
288911495-3,Mantequilla,9/16/2021,,538
988359121-7,Huevo,5/9/2020,$58242.27,195
102193021-0,Salsa de tomate,10/25/2020,$46896.53,353
444940038-0,Mortadela,1/14/2020,$24147.69,600
857335593-X,Tocino,5/3/2021,$10135.54,649
725550728-X,Tocino,12/13/2021,$49940.84,343
621689045-X,Sal,12/11/2021,$36851.41,484
106339792-8,Salchicha,4/9/2021,$17036.48,210
165896375-X,Queso,10/6/2020,,468
388999852-6,Harina,9/24/2021,$61437.06,668
000504006-X,Miel,5/8/2021,$62463.20,424
824668461-2,Avena,8/19/2021,$54748.02,15
087084252-8,Cacahuate,7/15/2020,$68233.90,690
922181306-1,Frijoles,11/30/2020,$57325.75,63
343369411-7,Miel,11/26/2020,$65667.68,74
041733095-2,Salsa de tomate,11/27/2021,$53273.33,576
222030729-8,Yogur,8/25/2020,,485
594695642-6,Tocino,7/16/2020,$35012.39,211
211743552-1,Mantequilla,1/16/2021,$60637.22,410
606917724-X,Aceitunas,3/8/2021,$65328.72,204
376099891-7,Leche entera,,$37929.96,552
838327094-1,Cacahuate,1/13/2020,$20995.45,553
401515853-9,Vinagre,8/23/2020,$21130.19,633
013604383-6,Tocino,5/2/2020,$20846.54,159
357053225-9,Vino,2/27/2021,$25967.08,429
025314066-8,Leche entera,3/26/2021,$62709.00,59
263883746-6,Atún,8/20/2021,$42203.57,590
392120898-X,Café,4/7/2020,$44107.41,530
094168074-6,Azúcar,4/12/2020,$5649.96,392
544354819-0,Mantequilla,7/23/2020,$36081.83,101
692667441-8,Atún,1/5/2021,$25208.96,65
150366194-6,Yogur,10/28/2020,$47150.38,691
313120111-8,Pasta,4/21/2020,$41903.94,287
966360261-9,Mermelada,12/2/2021,,118
514924584-4,Azúcar,11/4/2020,,120
089282813-7,Mermelada,5/10/2021,$13685.03,536
223102539-6,Vinagre,7/9/2021,$50573.32,542
829054359-X,Huevo,5/6/2021,$24679.63,647
670348554-2,Mermelada,5/5/2021,$48080.93,697
410873197-2,Pasta,11/22/2021,$54923.33,609
243096948-3,Azúcar,7/28/2021,$16179.59,180
598679414-1,Café,3/15/2020,$53766.32,668
455185800-5,Harina,4/24/2020,$65352.00,80
247263465-X,Salchicha,4/4/2021,$66524.87,105
532896992-8,Miel,7/6/2021,$26184.71,322
476491716-5,Pasta,2/19/2020,$17016.20,35
466074340-3,Avena,4/20/2020,$29178.89,55
083081087-0,Mortadela,10/28/2020,$47004.34,303
542212421-9,Avena,9/16/2021,$27289.90,638
962889223-1,Harina,8/7/2021,$11489.00,237
741856648-4,Jamón,6/25/2020,$66436.50,392
499410154-X,Jamón,5/27/2021,$57760.84,568
115841537-0,Cacahuate,2/1/2021,$10221.98,645
236732271-6,Avena,11/2/2020,$38936.60,228
005527629-6,Cereal,2/11/2020,$47228.09,564
500600995-0,Arroz,1/6/2020,$64838.61,520
971655374-9,Café,10/1/2020,,313
417149238-6,Jamón,3/17/2021,$53751.13,538
396824161-4,Frijoles,12/5/2021,$7926.33,17
817635637-9,Arroz,4/26/2020,$27270.08,328
493837703-9,Vinagre,10/31/2021,$66660.86,87
661512170-0,Azúcar,7/28/2020,$43370.76,308
453744283-2,Jamón,7/31/2020,$22995.70,349
252832872-9,Sardinas,1/25/2020,$62445.50,136
132815845-4,Aceitunas,2/13/2021,$57662.31,544
694451166-5,Sal,4/22/2021,$58263.67,566
222109125-6,Salsa de tomate,,$27668.50,
388438781-2,Aceitunas,1/17/2021,$30087.90,567
180639108-2,Tocino,1/15/2020,$17469.31,468
927821889-8,Atún,2/20/2020,$31587.89,371
012718987-4,Cereal,10/30/2021,$14693.46,563
448892632-0,Sardinas,10/20/2020,$67674.38,327
448249049-0,Jamón,4/2/2021,$11249.93,151
427590015-4,Papa,9/22/2020,$30263.68,389
112383530-6,Papa,6/17/2020,$10126.13,172
073043576-8,Pasta,4/27/2020,$47459.34,431
459833615-3,Jamón,10/26/2021,$24405.97,133
011330082-4,Arroz,11/3/2021,$9517.60,578
939408159-3,Cacahuate,7/31/2021,$42455.87,667
460017435-6,Azúcar,9/3/2020,$50329.90,426
109687440-7,Miel,12/31/2021,$43513.35,559
817002540-0,Queso,10/22/2020,$57471.29,186
180559882-1,Atún,3/11/2021,$55851.76,405
101353864-1,Margarina,2/25/2021,$58657.56,681
016434355-5,Mayonesa,5/29/2021,$31055.47,414
913088795-X,Margarina,1/27/2020,$19539.18,322
320733512-8,Mermelada,11/23/2020,$50263.23,271
868772500-0,Margarina,7/12/2020,$13095.71,506
746949661-0,Sardinas,,$20729.72,641
788008012-0,Papa,5/31/2021,$25110.76,381
104772795-1,Azúcar,,$32212.67,640
162254067-0,Margarina,3/1/2020,$52801.68,50
804472279-3,Aceitunas,4/18/2020,$59284.16,639
587257940-3,Cereal,11/7/2021,$35876.48,429
932427110-5,Pasta,2/11/2021,$33373.30,218
198296109-0,Vinagre,8/21/2021,$55190.72,139
666339341-3,Arroz,4/29/2020,$23392.21,81
190321079-8,Salsa de tomate,6/19/2021,$30365.80,145
023186809-X,Salsa de tomate,6/18/2020,$51310.33,595
641044375-7,Huevo,5/22/2021,$39795.94,565
971207016-6,Salsa de tomate,5/2/2020,$9462.58,690
126820451-X,Vinagre,1/5/2021,$48225.08,281
701713010-3,Queso,8/13/2021,$46065.41,83
572781279-8,Mortadela,7/22/2021,$45360.62,391
112375367-9,Atún,7/5/2021,$47267.10,667
187515105-2,Jamón,3/6/2020,$9707.64,575
094641771-7,Jamón,12/6/2021,$28638.08,73
736966221-7,Queso,5/17/2021,$24086.59,482
140897829-6,Miel,7/12/2020,$56211.64,636
779463045-2,Jamón,6/16/2020,$15128.32,30
807334407-6,Cereal,9/2/2021,$17487.45,170
563365233-9,Salchicha,11/12/2021,$50685.54,545
055048108-7,Vino,8/3/2020,$29660.47,264
712955588-2,Mortadela,3/24/2021,$67064.27,451
816452144-2,Yogur,7/24/2020,$11716.98,380
502886797-6,Arroz,4/3/2021,$57224.14,142
206869095-0,Cereal,12/5/2020,$9854.27,551
513126459-6,Arroz,11/17/2020,$13566.13,359
198023774-3,Margarina,,$17373.98,74
265622251-6,Pasta,1/16/2020,$65713.69,222
962376667-X,Jamón,4/16/2020,$54243.89,299
525936998-X,Café,7/14/2021,$33652.57,671
287941853-4,Margarina,3/8/2020,$54803.66,603
162927489-5,Sal,3/14/2021,$61919.97,114
503233010-8,Cereal,1/23/2020,$9066.56,87
777367048-X,Mayonesa,3/29/2020,$63941.91,268
845204044-X,Mayonesa,9/9/2021,$27084.56,259
180454176-1,Gelatina,5/22/2021,$33080.50,285
857852830-1,Jamón,8/6/2021,$26810.85,315
265729142-2,Sal,10/17/2021,$61629.66,568
937256735-3,Mayonesa,8/9/2021,$42184.17,57
165028351-2,Mantequilla,8/17/2020,$30978.43,655
621862425-0,Mantequilla,9/27/2020,$23590.32,365
290594002-6,Mantequilla,5/31/2021,$27006.70,682
779857363-1,Salchicha,9/10/2020,$38169.00,324
996339131-1,Cacahuate,7/22/2021,$61686.28,289
121001676-1,Leche entera,1/30/2021,$41413.67,304
775814342-3,Cacahuate,12/26/2020,$13500.54,443
249568939-6,Aceitunas,9/14/2020,$6734.31,334
428594345-X,Tocino,11/22/2020,$28659.24,116
362504341-6,Mayonesa,8/8/2021,$42656.07,461
954730012-1,Sal,7/7/2020,$63720.03,270
266865002-X,Vino,10/22/2020,$52390.62,457
428056039-0,Azúcar,7/5/2021,$38614.33,228
233287752-5,Queso,12/7/2021,$40026.70,593
408826877-6,Sardinas,7/11/2020,$39258.78,42
809089981-1,Vinagre,12/26/2021,$8493.78,194
068453729-X,Chorizo,3/27/2021,$59906.58,524
190839208-8,Harina,9/10/2020,$31200.82,505
575492747-9,Vinagre,1/12/2020,$17443.54,
589460014-6,Frijoles,3/27/2021,$49268.51,
105427380-4,Miel,7/26/2021,$10871.80,172
133233987-5,Huevo,4/26/2020,$52250.00,170
103469031-0,Margarina,3/31/2020,$32593.58,521
853629801-4,Avena,9/18/2020,$66973.00,
161677962-4,Papa,8/18/2020,,275
318776031-7,Miel,11/18/2021,$10473.01,175
270826981-X,Yogur,1/2/2020,$44466.00,319
644430137-8,Café,4/30/2021,$34198.70,109
483500972-X,Miel,4/15/2020,$60137.62,434
073246296-7,Queso,11/15/2021,$8744.11,10
201688970-5,Mayonesa,5/13/2020,$57332.99,105
936994676-4,Frijoles,12/23/2020,$27584.81,298
159792522-5,Mantequilla,3/29/2020,$28374.12,191
654671412-4,Cacahuate,7/24/2020,$22094.40,27
224830407-2,Salsa de tomate,9/16/2020,$7370.84,30
355415566-7,Chorizo,9/10/2021,$33523.09,316
854959085-1,Arroz,12/8/2020,,521
747748640-8,Tocino,5/19/2021,$64552.36,478
788842829-0,,1/23/2021,$69667.51,663
258670482-7,Jamón,1/4/2020,$30023.65,27
334454369-5,Azúcar,1/26/2020,$6089.60,271
975754680-1,Leche entera,7/12/2020,$51000.06,473
935685958-2,Sardinas,10/11/2021,,650
958799637-2,Sal,5/7/2021,$69153.16,696
530184100-9,Arroz,4/7/2020,$34054.59,160
178564761-X,Yogur,4/27/2021,$59590.47,30
642352150-6,Azúcar,2/22/2020,$24622.83,267
446765204-3,Arroz,5/22/2020,$18451.07,213
321227030-6,Mortadela,10/6/2021,$33604.89,628
563508237-8,Cereal,1/4/2021,$5728.52,10
218981203-8,Arroz,2/19/2021,$69257.91,316
057194355-1,Tocino,5/1/2021,$27229.87,693
605197222-6,Harina,1/6/2021,,
662513120-2,Sal,3/7/2021,$66745.74,552
936131506-4,Gelatina,11/16/2020,$16796.20,164
780305584-2,Pasta,6/13/2021,$35933.59,194
217086385-0,Aceitunas,6/11/2020,$27853.57,416
970155031-5,Harina,6/4/2020,$23165.62,16
137235294-5,Leche entera,11/29/2020,$29590.40,
651314144-3,Miel,2/26/2021,$57785.68,322
175057312-1,Gelatina,11/15/2021,$20613.01,335
128136878-4,Avena,8/7/2020,$34507.87,17
875757687-4,Mantequilla,8/19/2021,$51948.99,298
417382257-X,Papa,8/21/2021,$50989.58,518
807277261-9,Atún,,$19579.44,456
709043638-1,Harina,10/15/2021,$59011.53,120
784729091-X,Vino,6/5/2021,$41843.10,356
588606384-6,Margarina,11/4/2020,$65315.63,351
613480306-5,Vino,12/6/2020,$46914.90,519
644448496-0,Arroz,12/6/2020,$32170.02,499
020108794-4,,7/9/2020,$54231.83,71
563275390-5,Leche entera,3/2/2020,,117
221494213-0,Harina,9/9/2021,$13581.67,337
477292793-X,Tocino,7/3/2021,$18129.75,
082405452-0,Pasta,9/27/2020,$57452.19,123
578059008-7,Aceitunas,,$31319.03,213
243962475-6,Sardinas,3/10/2020,$45300.18,642
400745785-9,Yogur,11/24/2021,$9601.52,31
994077144-4,Gelatina,6/16/2020,$39867.42,55
512305814-1,Avena,11/1/2020,$67913.77,351
207436066-5,Vinagre,10/18/2021,$12713.41,46
428011959-7,Salsa de tomate,12/27/2021,$51805.13,686
316023980-2,Arroz,8/25/2021,$67019.06,146
093051846-2,Yogur,12/5/2021,$39047.59,92
273555911-4,Leche entera,3/5/2021,$24783.14,402
118377132-0,Aceitunas,1/9/2020,$13559.67,700
428963983-6,Frijoles,7/24/2021,$11601.72,246
117616988-2,Jamón,10/18/2021,$58136.60,518
639133004-2,Vinagre,6/7/2021,$23967.68,51
601758715-3,Harina,9/20/2020,$43160.47,305
404061692-8,Margarina,3/15/2021,$55275.03,397
162835931-5,Vinagre,11/6/2020,$66437.67,146
056250316-1,Aceitunas,3/9/2021,$29258.28,211
720089352-8,Leche entera,8/2/2020,,406
996000196-2,,8/20/2020,$16903.63,434
903747369-5,Huevo,3/26/2020,$62775.21,146
879634433-4,Gelatina,6/13/2020,$22177.81,376
103052258-8,Avena,2/15/2021,$64926.28,
700991421-4,Harina,3/28/2021,$8042.35,
821345607-6,Pasta,12/18/2020,$40624.36,434
704059734-9,Salchicha,,$28523.94,585
916173689-9,Mermelada,4/17/2020,$50071.72,409
580465682-1,Margarina,8/23/2020,$15000.54,50
693311992-0,Azúcar,12/15/2020,$63662.13,641
644492950-4,Queso,4/16/2020,$27030.16,565
889164077-8,Avena,1/24/2020,$44151.97,49
765249651-9,Vinagre,5/21/2021,$5586.10,332
117697944-2,Queso,6/20/2020,$51627.27,652
006214619-X,Chorizo,11/14/2020,$51243.19,635
630292080-9,Chorizo,1/2/2021,$12742.67,516
171548047-3,Leche entera,3/7/2021,$68198.40,449
580415833-3,Sal,1/5/2021,$39130.74,303
849396317-8,Chorizo,5/21/2020,$30586.80,456
388656177-1,Yogur,11/18/2021,$59361.28,117
220339367-X,Frijoles,3/28/2021,$57068.03,418
970067784-2,Arroz,11/15/2021,$29331.60,522
807832582-7,Sal,1/10/2021,$11587.25,27
452354856-0,Margarina,,$17873.83,663
743495712-3,Frijoles,4/15/2020,$63712.48,229
006272182-8,Atún,,$27132.68,667
618784434-3,Arroz,,$26144.38,121
783355479-0,Chorizo,10/2/2021,$53217.95,652
375244602-1,Mermelada,12/7/2021,$45566.58,653
252484307-6,Avena,1/21/2020,$55054.39,137
018840135-0,Vinagre,12/5/2020,$29169.05,250
299182716-5,Chorizo,11/19/2021,$69111.75,549
802519439-6,Yogur,8/16/2021,$60557.29,142
694321148-X,Mermelada,7/19/2020,$29791.48,657
915176157-2,Sal,5/4/2020,$33752.71,132
062279528-7,Sardinas,5/8/2021,$43519.30,305
353572115-6,Azúcar,12/30/2021,$50434.10,427
107218411-7,Queso,4/9/2021,$33392.54,77
783777222-9,Mantequilla,12/19/2020,$38127.88,263
728510590-2,Pasta,6/26/2020,$7284.38,146
260875126-1,Tocino,10/10/2021,,624
094501900-9,Miel,1/17/2021,$23564.39,227
811244157-X,Tocino,7/22/2021,$53461.60,459
089619615-1,Harina,12/25/2020,$38025.63,125
759422332-2,Avena,1/8/2020,$61005.24,198
452783495-9,Mantequilla,2/10/2021,$7559.19,582
037895914-X,Tocino,1/29/2021,$60902.13,411
871382687-5,Arroz,8/5/2021,$63837.27,529
031590454-2,Avena,5/4/2021,$63192.06,1
459174956-8,Sardinas,7/21/2021,$21419.95,387
460708210-4,Mortadela,10/6/2020,$31888.48,167
204874876-7,Mayonesa,2/16/2021,$45690.83,30
095391652-9,Margarina,2/20/2021,$43444.26,366
858657222-5,Sardinas,9/17/2021,$24841.30,368
829619492-9,Mermelada,10/7/2020,$39671.50,377
148720803-0,Vinagre,8/20/2021,$37833.69,232
139553700-3,Tocino,3/11/2021,$8332.86,140
380700249-9,Sal,8/8/2020,$60112.57,126
538513805-3,Avena,,$57414.12,247
224406126-4,Miel,2/17/2021,$14493.66,307
462640639-4,Café,7/3/2021,$21613.44,357
817439922-4,Arroz,3/19/2020,,86
724812597-0,Pasta,4/3/2020,$63923.62,516
945291242-1,Cacahuate,6/2/2020,$38907.49,371
458054994-5,Gelatina,3/20/2020,$37212.82,370
322276211-2,Salchicha,3/19/2020,$45971.56,402
398790055-5,Chorizo,8/16/2021,$54962.46,374
852156448-1,Cacahuate,9/17/2020,$18098.53,320
470595409-2,Huevo,11/5/2021,$65558.50,691
827910227-2,Cereal,7/3/2020,$35694.13,350
115923538-4,Miel,5/8/2020,$59880.46,667
091045892-8,Vinagre,5/30/2021,$24491.42,263
416098502-5,Sal,3/9/2021,$59941.26,204
744754171-0,Azúcar,8/13/2021,$59972.11,278
092355933-7,Queso,9/28/2021,$67497.78,295
918263125-5,Avena,5/7/2020,$66191.30,309
573370915-4,Salchicha,1/3/2020,$20684.44,567
108383737-0,Arroz,5/9/2020,$17156.78,320
292591387-3,Avena,1/6/2020,$7461.99,319
989356601-0,Tocino,3/8/2020,$21075.93,461
667823393-X,Huevo,11/5/2020,$17996.78,103
897424853-0,Yogur,,$6321.28,418
316660508-8,Papa,5/27/2021,$39702.07,562
153412363-6,Gelatina,3/4/2021,$38950.06,373
169060281-3,Café,,$44503.37,272
730788638-3,Leche entera,1/1/2022,$48467.00,87
276320227-6,Papa,7/29/2020,$42021.61,275
367397244-8,Pasta,11/1/2020,$18172.51,622
145552007-1,Mortadela,1/22/2021,$53094.53,247
331373867-2,Queso,3/28/2020,$32860.09,678
435296277-5,Mayonesa,6/23/2020,$34528.56,502
526123568-5,Yogur,8/23/2021,$35298.44,484
739046545-X,Mantequilla,5/27/2021,$23306.82,681
405625206-8,Pasta,,$58761.51,551
961189122-9,Chorizo,4/11/2020,$57362.43,481
368155071-9,Atún,1/6/2020,$58107.46,73
590079382-6,Atún,8/25/2021,$35240.61,446
346398723-6,Pasta,9/4/2021,$17794.26,36
272045894-5,Chorizo,11/20/2021,$8075.46,388
577391901-X,Harina,9/12/2021,$8618.88,352
822000463-0,Mortadela,6/6/2021,$32047.60,526
183860934-2,Sardinas,11/8/2020,$31575.64,172
922012498-X,Sal,7/4/2020,$43749.60,373
877572730-7,Vino,6/21/2020,$47783.98,355
337556692-1,Mortadela,6/20/2021,$56585.99,111
811048806-4,Miel,4/25/2020,$52333.44,454
079256946-6,Huevo,2/11/2021,$52870.88,295
063998552-1,Avena,9/1/2020,$20528.53,539
651782237-2,Salsa de tomate,10/23/2020,,580
923555581-7,Vino,6/19/2020,$32293.22,3
429949966-2,Vino,7/15/2020,$46748.25,162
170821971-4,Mantequilla,11/16/2020,$58607.59,226
600664183-6,Huevo,5/17/2021,$20209.88,370
328007194-1,Cacahuate,5/24/2021,$58734.31,11
897196008-6,Leche entera,7/20/2021,$59958.09,599
211259408-7,Mantequilla,6/15/2021,$43901.07,118
593240794-8,,5/18/2020,$32689.01,422
132549001-6,Miel,6/26/2020,$31093.73,659
918324439-5,Chorizo,9/13/2020,$5839.71,137
545019222-3,Gelatina,7/2/2020,$24458.02,231
282195699-1,Café,8/23/2021,,350
233531551-X,Chorizo,1/29/2020,$35343.16,327
043463077-2,Café,5/23/2020,$26799.01,363
753965700-6,Salchicha,9/18/2020,$5330.25,560
129787108-1,Avena,1/13/2020,$36884.38,277
153883868-0,Leche entera,2/26/2020,$21562.86,64
090523284-4,Arroz,9/16/2021,$41716.81,348
511459963-1,Miel,5/7/2020,$27919.76,557
345978928-X,Margarina,8/15/2021,$48597.29,84
357017431-X,Atún,9/30/2020,$16246.91,272
455541734-8,Mortadela,3/10/2021,$21134.59,141
873764458-0,Mantequilla,12/27/2021,$56159.42,540
860087476-9,Salchicha,5/30/2020,,673
731439778-3,Cacahuate,7/27/2020,$60687.49,476
125135583-8,Huevo,2/5/2020,$48706.47,696
633711029-3,Miel,5/26/2020,$37450.91,167
734348919-4,Miel,9/22/2020,$7892.59,91
787260643-7,Miel,10/11/2021,$33367.74,449
262416425-1,Huevo,1/1/2021,$35088.86,107
351808303-1,Arroz,5/2/2021,$43174.51,369
567757805-3,Sardinas,8/18/2021,$41794.71,333
175664242-7,Tocino,10/8/2021,$59777.52,33
159057883-X,Mantequilla,9/12/2021,$23777.56,321
715308880-6,Atún,3/10/2021,$41197.78,514
058102857-0,Cacahuate,6/23/2021,$55958.70,348
363254869-2,Mayonesa,4/28/2020,$43801.82,358
395290290-X,Jamón,8/8/2020,$46130.97,241
633340150-1,Yogur,,$29985.48,520
359096722-6,Chorizo,12/15/2021,$17406.63,226
992840429-1,Papa,2/10/2021,$52986.54,235
209411338-8,Papa,5/3/2021,,133
385595710-X,Cacahuate,2/7/2020,$36142.22,639
061990666-9,Frijoles,5/16/2021,$34436.89,24
718982260-7,Cacahuate,8/29/2020,$42720.91,59
570598950-4,Harina,7/28/2021,$18685.01,135
160699228-7,Atún,12/31/2020,$13970.89,537
763002106-2,Mayonesa,9/29/2021,$9495.48,425
324295012-7,Mortadela,5/7/2021,$51843.59,187
543124308-X,Cacahuate,9/7/2021,$40233.78,324
973058870-8,,5/16/2021,$39139.73,381
824487959-9,Gelatina,7/11/2020,$18901.15,442
721763000-2,Queso,11/22/2021,$40537.90,696
608075215-8,Salsa de tomate,8/8/2020,$52386.06,88
648033409-4,Papa,2/21/2020,,82
824061428-0,Salchicha,4/5/2021,,490
584177017-9,Mantequilla,2/10/2021,$56685.46,164
757632245-4,Harina,5/1/2020,$52409.69,32
278976039-X,Avena,12/16/2021,$51263.93,436
704783380-3,Salchicha,12/28/2021,$41867.11,304
964838120-8,Sardinas,10/15/2021,$62315.44,201
073161504-2,Mayonesa,2/22/2021,$56754.64,416
898117600-0,Mayonesa,6/25/2021,$60409.95,104
882717414-1,Tocino,10/6/2020,$32147.58,285
785830200-0,Vinagre,9/26/2020,,101
910518233-6,Yogur,12/24/2020,$19824.87,149
591349074-6,Salsa de tomate,5/29/2020,$14661.76,663
548034669-5,Cereal,6/24/2020,$28186.31,407
463530652-6,Gelatina,12/9/2021,$52806.19,619
561344215-0,Gelatina,12/26/2020,$22684.81,285
190166474-0,Frijoles,9/14/2021,,189
058498628-9,Mayonesa,6/1/2021,$61187.97,189
275452556-4,Salsa de tomate,12/9/2020,$9248.99,294
589506978-9,Margarina,1/12/2021,$41242.68,518
043241662-5,Jamón,5/14/2020,$67309.29,353
374046358-9,Avena,4/24/2020,$29361.12,60
838637371-7,Salsa de tomate,1/9/2020,$10176.65,255
966815749-4,Cereal,8/30/2021,$63020.44,202
625460926-6,Atún,6/10/2021,$68189.25,270
203487660-1,Tocino,4/21/2020,$16846.94,189
055766657-0,Avena,10/11/2021,$7268.87,610
045581397-3,Frijoles,4/25/2020,$50748.46,530
354105700-9,Atún,5/17/2020,,365
065583994-1,Mermelada,12/1/2020,,363
601201189-X,Cereal,9/4/2020,$17135.38,359
748948447-2,Jamón,7/5/2020,$48111.26,516
066599937-2,Cacahuate,4/29/2020,$35005.54,71
305049212-0,Huevo,1/19/2021,$29465.88,165
603039917-9,Miel,8/13/2020,$68697.14,134
037065916-3,Yogur,1/23/2020,$43500.89,646
931713435-1,Arroz,11/8/2020,$50378.12,633
527670459-7,Salsa de tomate,10/10/2021,$10619.25,410
778526261-6,Leche entera,3/21/2021,$61079.81,201
748574287-6,Huevo,11/3/2021,$13461.41,
641501506-0,Mortadela,8/4/2020,$7605.68,175
343706981-0,Arroz,3/6/2020,,
277754230-9,Gelatina,10/2/2020,$15074.02,222
798482693-5,Miel,7/30/2021,$29858.50,457
359999659-8,Miel,6/16/2021,$60615.62,364
269965205-9,Mermelada,8/14/2021,$23203.75,677
775840686-6,Papa,4/2/2021,$19792.12,173
091118887-8,Papa,9/21/2021,$43397.55,542
915176494-6,Mermelada,7/4/2020,$31228.60,340
219726349-8,Café,3/3/2021,$55057.98,156
250960636-0,Frijoles,5/23/2021,$13326.52,409
191711058-8,Vino,12/12/2021,$31219.79,185
805869840-7,Jamón,12/5/2020,$37632.80,209
868562227-1,Leche entera,8/15/2020,$67967.40,212
184555061-7,Atún,5/14/2020,$31882.26,581
714111385-1,Cacahuate,9/3/2020,$5200.75,623
937015368-3,Vinagre,12/14/2020,$38681.95,26
708868531-0,Salchicha,7/7/2021,$53775.37,415
410432301-2,Mayonesa,4/19/2021,$53209.58,329
736845602-8,Atún,6/6/2020,$14199.41,161
754038742-4,Queso,11/7/2021,$45373.33,61
680513056-5,Chorizo,7/6/2021,$13287.26,190
323607387-X,Atún,12/10/2020,,279
662806789-0,Tocino,10/1/2020,$41003.73,118
954138398-X,Vinagre,7/17/2020,$24127.40,157
150225891-9,Tocino,8/24/2021,$60220.62,232
094536959-X,Mermelada,9/4/2021,$17834.94,495
453922921-4,Azúcar,1/28/2020,$39155.73,468
004957282-2,Vino,9/13/2020,$15896.17,538
629926890-5,Vino,4/10/2021,$20347.87,445
025804109-9,Café,7/23/2020,$24485.63,635
913473412-0,Sal,5/29/2021,$39895.21,281
546134059-8,Sardinas,8/13/2021,$32337.52,60
547377403-2,Papa,5/28/2020,$15053.73,98
980526179-4,Mermelada,4/27/2020,$45822.49,346
165497146-4,Sal,8/3/2021,$23622.37,474
390706106-3,Margarina,1/20/2020,$52516.59,617
228460290-8,Gelatina,4/12/2021,$53721.53,18
990801481-1,Tocino,8/7/2021,$35575.14,382
975980567-7,Café,3/17/2021,$69079.82,136
857879283-1,Margarina,7/29/2020,$19267.43,429
257305314-8,Frijoles,,$62715.76,181
327586414-9,Leche entera,9/10/2021,$62282.78,129
937912304-3,Cereal,1/28/2021,$68425.25,680
746628675-5,Miel,2/1/2021,$24163.34,398
558167358-6,Leche entera,12/23/2021,$44997.33,346
360800936-1,Mayonesa,7/26/2021,$58617.82,622
100323782-7,Papa,,$56571.90,72
433850003-4,Pasta,10/31/2021,$51394.63,382
224254901-4,Mortadela,,$61315.38,98
730840541-9,Aceitunas,2/9/2020,$6304.48,2
146994167-8,Salchicha,2/11/2020,$12933.36,625
123391032-9,Huevo,3/2/2020,$23989.80,418
158172170-6,Gelatina,11/13/2020,$15988.38,168
187536560-5,Frijoles,6/3/2021,$58855.47,163
649404523-5,Miel,3/4/2020,$53371.33,508
671999867-6,Arroz,3/2/2020,$40224.14,155
617279644-5,Sardinas,8/12/2020,$69620.09,493
989396582-9,Jamón,9/12/2021,$31032.91,549
203538677-2,Jamón,9/7/2020,$32608.61,254
856959065-2,Margarina,5/20/2021,$13743.93,159
432280851-4,Vinagre,2/3/2020,$24282.07,49
